unidade;ano;mes;porte_i;porte_ii;porte_iii;porte_iv;sem_porte;total
HAC;2019;1;54;33;43;31;7;168
HAC;2019;2;51;42;46;37;0;176
HAC;2019;3;51;42;40;26;0;159
HAC;2019;4;68;42;44;28;0;182
HAC;2019;5;60;48;54;24;0;186
HAC;2019;6;61;39;51;39;0;190
HAC;2019;7;60;37;54;28;0;179
HAC;2019;8;46;48;43;26;0;163
HAC;2019;9;49;34;41;23;0;147
HAC;2019;10;52;32;50;23;0;157
HAC;2019;11;66;29;31;31;0;157
HAC;2019;12;38;33;29;25;0;125
HAC;2020;1;35;26;41;35;0;137
HAC;2020;2;39;41;42;22;0;144
HAC;2020;3;35;25;49;16;0;125
HAC;2020;4;15;27;46;20;0;108
HAC;2020;5;6;26;64;24;0;120
HAC;2020;6;5;20;61;28;0;114
HAC;2020;7;14;13;57;35;0;119
HAC;2020;8;34;23;34;25;0;116
HAC;2020;9;21;35;38;25;0;119
HAC;2020;10;20;17;51;31;0;119
HAC;2020;11;36;27;38;15;0;116
HAC;2020;12;32;24;28;21;0;105
HAC;2021;1;32;23;26;18;0;99
HAC;2021;2;34;17;35;17;0;103
HAC;2021;3;53;23;41;19;0;136
HAC;2021;4;36;27;22;30;0;115
HAC;2021;5;54;27;39;30;0;150
HAC;2021;6;44;29;38;30;0;141
HAC;2021;7;42;28;42;24;0;136
HAC;2021;8;48;32;45;21;0;146
HAC;2021;9;26;29;47;6;0;108
HAC;2021;10;66;15;13;11;0;105
HAC;2021;11;86;32;12;4;0;134
HAC;2021;12;53;35;10;2;0;100
HAC;2022;1;26;28;6;5;0;65
HAC;2022;2;50;33;13;5;0;101
HAC;2022;3;37;40;15;7;0;99
HAC;2022;4;39;31;12;7;0;89
HAC;2022;5;58;37;12;3;0;110
HAC;2022;6;69;33;13;2;0;117
HAC;2022;7;45;29;19;6;0;99
HAC;2022;8;70;39;15;3;0;127
HAC;2022;9;71;32;12;11;0;126
HAC;2022;10;85;31;14;4;0;134
HAC;2022;11;80;21;8;5;0;114
HAC;2022;12;51;30;17;5;0;103
HAC;2023;1;54;32;10;3;0;99
HAC;2023;2;67;31;12;5;0;115
HAC;2023;3;100;54;24;3;0;181
HAC;2023;4;67;36;31;5;0;139
HAC;2023;5;97;51;21;9;0;178
HAC;2023;6;102;39;19;3;0;163
HAC;2023;7;77;49;34;5;0;165
HAC;2023;8;123;49;28;6;-21;185
HAC;2023;9;117;39;20;12;0;188
HAC;2023;10;124;49;23;3;0;199
HAC;2023;11;94;42;23;8;0;167
HAC;2023;12;126;48;16;7;0;197
HAC;2024;1;88;36;16;3;29;172
HAC;2024;2;104;54;25;4;0;187
HAC;2024;3;102;61;19;9;0;191
HAC;2024;4;90;50;34;4;0;178
HAC;2024;5;98;50;25;6;0;179
HAC;2024;6;87;48;16;6;0;157
HAC;2024;7;103;40;12;7;0;162
HAC;2024;8;71;52;20;7;0;150
HAC;2024;9;106;54;18;5;0;183
HAC;2024;10;113;45;31;12;0;201
HAC;2024;11;85;59;28;7;0;179
HAC;2024;12;92;62;15;7;0;176
HAC;2025;1;96;47;25;9;0;177
HAC;2025;2;101;52;19;8;0;180
HAC;2025;3;102;71;27;5;0;205
HAC;2025;4;99;66;22;6;0;193
HAC;2025;5;88;68;24;14;0;194
HAC;2025;6;113;34;26;11;0;184
HAC;2025;7;114;62;24;10;0;210
HAC;2025;8;90;67;20;9;0;186
HAC;2025;9;123;49;20;11;0;203
HAC;2025;10;242;62;40;22;3;369
HAC;2025;11;232;38;13;4;2;289
HAC;2025;12;239;39;6;1;2;287
HAC;2026;1;186;32;12;6;3;239
HAC;2026;2;214;35;13;8;0;270
HAC;2026;3;292;50;19;8;1;370
HAC;2026;4;228;54;24;3;0;309
HAC;2026;5;271;52;29;4;0;356
HCM;2019;1;31;0;0;0;0;31
HCM;2019;2;42;0;0;0;0;42
HCM;2019;3;30;0;0;0;0;30
HCM;2019;4;22;0;0;0;0;22
HCM;2019;5;23;0;0;0;0;23
HCM;2019;6;52;0;0;0;0;52
HCM;2019;7;49;0;0;0;0;49
HCM;2019;8;45;0;0;0;0;45
HCM;2019;9;57;0;0;0;0;57
HCM;2019;10;71;0;0;0;0;71
HCM;2019;11;55;0;0;0;0;55
HCM;2019;12;61;0;0;0;0;61
HCM;2020;1;54;0;0;0;0;54
HCM;2020;2;21;0;0;0;0;21
HCM;2020;3;0;0;0;0;1;1
HCM;2020;4;0;0;0;0;0;0
HCM;2020;5;0;0;0;0;0;0
HCM;2020;6;0;0;0;0;0;0
HCM;2020;7;0;0;0;0;0;0
HCM;2020;8;0;0;0;0;0;0
HCM;2020;9;0;0;0;0;0;0
HCM;2020;10;0;0;0;0;0;0
HCM;2020;11;0;0;0;0;0;0
HCM;2020;12;0;0;0;0;0;0
HCM;2021;1;0;0;0;0;0;0
HCM;2021;2;0;0;0;0;0;0
HCM;2021;3;0;0;0;0;0;0
HCM;2021;4;0;0;0;0;0;0
HCM;2021;5;0;0;0;0;0;0
HCM;2021;6;0;0;0;0;0;0
HCM;2021;7;0;0;0;0;0;0
HCM;2021;8;0;0;0;0;0;0
HCM;2021;9;0;0;0;0;0;0
HCM;2021;10;0;0;0;0;0;0
HCM;2021;11;0;0;0;0;0;0
HCM;2021;12;0;0;0;0;0;0
HCM;2022;1;0;0;0;0;0;0
HCM;2022;2;0;0;0;0;0;0
HCM;2022;3;0;0;0;0;0;0
HCM;2022;4;0;0;0;0;0;0
HCM;2022;5;0;0;0;0;0;0
HCM;2022;6;0;0;0;0;0;0
HCM;2022;7;0;0;0;0;0;0
HCM;2022;8;0;0;0;0;0;0
HCM;2022;9;0;0;0;0;0;0
HCM;2022;10;0;0;0;0;0;0
HCM;2022;11;0;0;0;0;0;0
HCM;2022;12;0;0;0;0;0;0
HCM;2023;1;0;0;0;0;0;0
HCM;2023;2;0;0;0;0;0;0
HCM;2023;3;0;0;0;0;0;0
HCM;2023;4;0;0;0;0;0;0
HCM;2023;5;0;0;0;0;0;0
HCM;2023;6;0;0;0;0;0;0
HCM;2023;7;0;0;0;0;0;0
HCM;2023;8;0;0;0;0;0;0
HCM;2023;9;0;0;0;0;0;0
HCM;2023;10;0;0;0;0;0;0
HCM;2023;11;0;0;0;0;0;0
HCM;2023;12;0;0;0;0;0;0
HCM;2024;1;0;0;0;0;0;0
HCM;2024;2;0;0;0;0;0;0
HCM;2024;3;0;0;0;0;0;0
HCM;2024;4;0;0;0;0;0;0
HCM;2024;5;0;0;0;0;0;0
HCM;2024;6;0;0;0;0;0;0
HCM;2024;7;0;0;0;0;0;0
HCM;2024;8;0;0;0;0;0;0
HCM;2024;9;0;0;0;0;0;0
HCM;2024;10;0;0;0;0;0;0
HCM;2024;11;0;0;0;0;0;0
HCM;2024;12;0;0;0;0;0;0
HCM;2025;1;0;0;0;0;0;0
HCM;2025;2;0;0;0;0;0;0
HCM;2025;3;0;0;0;0;0;0
HCM;2025;4;0;0;0;0;0;0
HCM;2025;5;0;0;0;0;0;0
HCM;2025;6;0;0;0;0;0;0
HCM;2025;7;0;0;0;0;0;0
HCM;2025;8;0;0;0;0;0;0
HCM;2025;9;8;0;0;0;-8;0
HCM;2025;10;10;0;0;0;-10;0
HCM;2025;11;6;1;0;0;0;7
HCM;2025;12;9;0;0;0;0;9
HCM;2026;1;11;1;0;0;0;12
HCM;2026;2;40;4;0;0;0;44
HCM;2026;3;38;3;0;0;0;41
HCM;2026;4;43;4;0;0;0;47
HCM;2026;5;40;3;0;0;0;43
HEM;2019;1;81;0;0;0;0;81
HEM;2019;2;70;0;0;0;0;70
HEM;2019;3;43;0;0;0;0;43
HEM;2019;4;39;0;0;0;0;39
HEM;2019;5;94;0;0;0;0;94
HEM;2019;6;68;0;0;0;0;68
HEM;2019;7;76;0;0;0;0;76
HEM;2019;8;82;1;0;0;0;83
HEM;2019;9;80;3;1;0;0;84
HEM;2019;10;78;4;0;0;0;82
HEM;2019;11;67;0;0;0;0;67
HEM;2019;12;61;2;0;0;0;63
HEM;2020;1;59;1;0;1;0;61
HEM;2020;2;47;0;0;0;0;47
HEM;2020;3;57;2;0;0;0;59
HEM;2020;4;0;0;0;0;0;0
HEM;2020;5;0;0;0;0;0;0
HEM;2020;6;0;0;0;0;0;0
HEM;2020;7;0;0;0;0;0;0
HEM;2020;8;0;0;0;0;0;0
HEM;2020;9;0;0;0;0;0;0
HEM;2020;10;17;0;0;0;0;17
HEM;2020;11;19;0;0;0;0;19
HEM;2020;12;0;0;0;0;0;0
HEM;2021;1;0;0;0;0;0;0
HEM;2021;2;0;0;0;0;0;0
HEM;2021;3;0;0;0;0;0;0
HEM;2021;4;0;0;0;0;0;0
HEM;2021;5;0;0;0;0;0;0
HEM;2021;6;0;0;0;0;0;0
HEM;2021;7;0;0;0;0;0;0
HEM;2021;8;25;0;0;0;0;25
HEM;2021;9;18;0;0;0;0;18
HEM;2021;10;21;0;0;0;0;21
HEM;2021;11;24;0;0;0;0;24
HEM;2021;12;31;0;0;0;0;31
HEM;2022;1;30;0;0;0;0;30
HEM;2022;2;31;0;0;0;0;31
HEM;2022;3;67;0;0;0;0;67
HEM;2022;4;47;0;0;0;0;47
HEM;2022;5;0;0;0;0;0;0
HEM;2022;6;66;0;0;0;0;66
HEM;2022;7;37;0;0;0;0;37
HEM;2022;8;52;0;0;0;0;52
HEM;2022;9;52;0;0;0;0;52
HEM;2022;10;27;0;0;0;0;27
HEM;2022;11;46;0;0;0;0;46
HEM;2022;12;51;0;0;0;0;51
HEM;2023;1;33;0;0;0;0;33
HEM;2023;2;41;0;0;0;-41;0
HEM;2023;3;65;0;0;0;0;65
HEM;2023;4;52;0;0;0;0;52
HEM;2023;5;55;0;0;0;0;55
HEM;2023;6;49;0;0;0;0;49
HEM;2023;7;52;1;0;0;0;53
HEM;2023;8;63;0;0;0;-63;0
HEM;2023;9;50;0;1;0;0;51
HEM;2023;10;59;1;0;0;0;60
HEM;2023;11;53;5;1;0;0;59
HEM;2023;12;56;3;0;0;0;59
HEM;2024;1;38;1;0;0;0;39
HEM;2024;2;47;1;1;0;0;49
HEM;2024;3;68;0;0;0;0;68
HEM;2024;4;59;3;0;0;0;62
HEM;2024;5;53;4;0;0;0;57
HEM;2024;6;70;4;0;0;0;74
HEM;2024;7;52;1;0;0;0;53
HEM;2024;8;60;0;0;0;0;60
HEM;2024;9;55;1;0;0;0;56
HEM;2024;10;47;1;0;0;0;48
HEM;2024;11;41;1;0;0;0;42
HEM;2024;12;27;1;1;0;0;29
HEM;2025;1;35;1;0;0;0;36
HEM;2025;2;29;0;0;0;0;29
HEM;2025;3;31;0;0;0;0;31
HEM;2025;4;43;0;0;0;0;43
HEM;2025;5;43;0;0;0;0;43
HEM;2025;6;24;1;0;1;0;26
HEM;2025;7;37;1;0;0;0;38
HEM;2025;8;32;2;0;0;0;34
HEM;2025;9;48;3;0;0;1;52
HEM;2025;10;57;3;1;0;0;61
HEM;2025;11;36;3;1;0;1;41
HEM;2025;12;36;0;1;1;1;39
HEM;2026;1;44;6;0;0;0;50
HEM;2026;2;77;5;0;0;1;83
HEM;2026;3;53;1;0;0;0;54
HEM;2026;4;77;4;0;0;0;81
HEM;2026;5;68;1;1;0;1;71
HJK;2019;1;96;55;8;3;225;387
HJK;2019;2;86;79;16;5;223;409
HJK;2019;3;63;74;22;1;210;370
HJK;2019;4;75;72;20;5;222;394
HJK;2019;5;74;77;28;8;214;401
HJK;2019;6;71;79;11;2;196;359
HJK;2019;7;96;73;19;2;202;392
HJK;2019;8;60;75;18;2;207;362
HJK;2019;9;76;85;17;3;195;376
HJK;2019;10;67;65;15;9;180;336
HJK;2019;11;90;62;13;1;217;383
HJK;2019;12;64;74;14;5;189;346
HJK;2020;1;100;46;7;0;204;357
HJK;2020;2;69;65;19;4;191;348
HJK;2020;3;50;67;12;4;216;349
HJK;2020;4;16;21;9;1;167;214
HJK;2020;5;16;16;6;2;196;236
HJK;2020;6;2;1;1;0;162;166
HJK;2020;7;4;3;3;0;174;184
HJK;2020;8;3;6;0;0;166;175
HJK;2020;9;2;7;2;0;168;179
HJK;2020;10;17;12;1;0;189;219
HJK;2020;11;18;6;2;0;173;199
HJK;2020;12;6;4;1;0;188;199
HJK;2021;1;8;9;3;0;168;188
HJK;2021;2;9;10;3;0;170;192
HJK;2021;3;7;12;1;0;185;205
HJK;2021;4;5;2;0;0;134;141
HJK;2021;5;4;8;0;0;154;166
HJK;2021;6;1;5;2;0;134;142
HJK;2021;7;6;12;5;0;174;197
HJK;2021;8;11;9;3;0;183;206
HJK;2021;9;51;12;5;0;106;174
HJK;2021;10;6;13;2;1;185;207
HJK;2021;11;14;12;3;2;171;202
HJK;2021;12;7;13;4;1;169;194
HJK;2022;1;9;6;2;0;175;192
HJK;2022;2;11;8;2;1;142;164
HJK;2022;3;7;19;2;0;174;202
HJK;2022;4;11;10;1;0;192;214
HJK;2022;5;9;16;2;0;159;186
HJK;2022;6;10;16;4;0;160;190
HJK;2022;7;5;10;4;0;148;167
HJK;2022;8;20;11;4;0;158;193
HJK;2022;9;19;16;6;0;172;213
HJK;2022;10;23;18;6;1;137;185
HJK;2022;11;8;17;1;0;130;156
HJK;2022;12;9;19;3;1;164;196
HJK;2023;1;18;19;3;0;126;166
HJK;2023;2;15;19;1;0;142;177
HJK;2023;3;44;27;1;1;155;228
HJK;2023;4;79;19;5;1;148;252
HJK;2023;5;120;35;6;2;166;329
HJK;2023;6;115;39;9;2;159;324
HJK;2023;7;143;37;14;3;162;359
HJK;2023;8;192;44;11;4;174;425
HJK;2023;9;254;63;17;2;168;504
HJK;2023;10;140;83;15;1;125;364
HJK;2023;11;194;48;11;1;161;415
HJK;2023;12;172;49;16;1;137;375
HJK;2024;1;126;49;8;4;179;366
HJK;2024;2;166;53;7;2;173;401
HJK;2024;3;169;49;5;2;175;400
HJK;2024;4;196;68;19;2;158;443
HJK;2024;5;158;70;25;9;168;430
HJK;2024;6;194;91;21;11;143;460
HJK;2024;7;203;76;16;5;173;473
HJK;2024;8;237;72;25;5;169;508
HJK;2024;9;222;64;16;6;150;458
HJK;2024;10;216;78;24;12;155;485
HJK;2024;11;251;76;22;8;147;504
HJK;2024;12;173;50;9;4;175;411
HJK;2025;1;216;46;11;3;199;475
HJK;2025;2;195;72;14;2;-40;243
HJK;2025;3;199;268;16;9;-76;416
HJK;2025;4;249;58;24;8;127;466
HJK;2025;5;185;76;18;9;204;492
HJK;2025;6;191;66;23;14;195;489
HJK;2025;7;219;64;15;8;211;517
HJK;2025;8;228;70;18;7;170;493
HJK;2025;9;233;67;30;4;182;516
HJK;2025;10;237;74;32;10;176;529
HJK;2025;11;223;75;21;4;137;460
HJK;2025;12;227;83;10;8;162;490
HJK;2026;1;250;106;21;10;154;541
HJK;2026;2;240;97;18;12;65;432
HJK;2026;3;553;124;26;22;6;731
HJK;2026;4;453;134;31;21;4;643
HJK;2026;5;536;156;36;18;4;750
HJXXIII;2019;1;291;213;65;25;0;594
HJXXIII;2019;2;310;189;31;13;0;543
HJXXIII;2019;3;244;257;57;33;0;591
HJXXIII;2019;4;314;220;64;25;0;623
HJXXIII;2019;5;319;250;56;19;0;644
HJXXIII;2019;6;299;224;54;23;0;600
HJXXIII;2019;7;281;262;68;22;0;633
HJXXIII;2019;8;295;249;62;54;0;660
HJXXIII;2019;9;291;253;67;37;0;648
HJXXIII;2019;10;347;274;43;17;0;681
HJXXIII;2019;11;409;215;37;22;0;683
HJXXIII;2019;12;430;241;33;26;-95;635
HJXXIII;2020;1;437;171;17;4;0;629
HJXXIII;2020;2;413;133;14;4;0;564
HJXXIII;2020;3;388;164;16;1;0;569
HJXXIII;2020;4;365;137;10;1;0;513
HJXXIII;2020;5;438;160;15;3;0;616
HJXXIII;2020;6;465;188;23;5;0;681
HJXXIII;2020;7;426;186;22;6;26;666
HJXXIII;2020;8;429;180;31;4;0;644
HJXXIII;2020;9;36;31;6;2;616;691
HJXXIII;2020;10;757;291;35;7;0;1090
HJXXIII;2020;11;0;0;0;0;635;635
HJXXIII;2020;12;455;158;35;4;0;652
HJXXIII;2021;1;479;152;18;9;1;659
HJXXIII;2021;2;420;126;20;4;0;570
HJXXIII;2021;3;448;165;29;11;0;653
HJXXIII;2021;4;454;182;37;4;0;677
HJXXIII;2021;5;501;173;28;3;0;705
HJXXIII;2021;6;466;170;24;14;0;674
HJXXIII;2021;7;486;177;25;7;0;695
HJXXIII;2021;8;489;172;21;5;0;687
HJXXIII;2021;9;490;183;29;10;0;712
HJXXIII;2021;10;468;155;22;11;0;656
HJXXIII;2021;11;437;146;29;2;0;614
HJXXIII;2021;12;473;156;29;6;0;664
HJXXIII;2022;1;424;139;23;4;0;590
HJXXIII;2022;2;361;120;24;11;0;516
HJXXIII;2022;3;450;193;37;11;0;691
HJXXIII;2022;4;415;133;29;6;0;583
HJXXIII;2022;5;397;164;24;11;0;596
HJXXIII;2022;6;377;147;20;9;-27;526
HJXXIII;2022;7;414;181;16;7;0;618
HJXXIII;2022;8;437;166;33;10;0;646
HJXXIII;2022;9;396;181;22;6;0;605
HJXXIII;2022;10;418;145;32;8;0;603
HJXXIII;2022;11;371;149;27;7;0;554
HJXXIII;2022;12;367;141;86;7;0;601
HJXXIII;2023;1;371;139;25;5;0;540
HJXXIII;2023;2;322;105;16;8;0;451
HJXXIII;2023;3;434;147;23;7;0;611
HJXXIII;2023;4;388;130;34;5;0;557
HJXXIII;2023;5;402;173;39;6;0;620
HJXXIII;2023;6;376;126;26;7;1;536
HJXXIII;2023;7;433;144;21;5;0;603
HJXXIII;2023;8;466;132;16;8;0;622
HJXXIII;2023;9;425;165;26;6;0;622
HJXXIII;2023;10;424;144;19;5;0;592
HJXXIII;2023;11;444;138;26;4;0;612
HJXXIII;2023;12;449;155;20;6;0;630
HJXXIII;2024;1;360;148;17;11;0;536
HJXXIII;2024;2;394;129;23;8;0;554
HJXXIII;2024;3;427;161;26;20;0;634
HJXXIII;2024;4;419;167;20;14;0;620
HJXXIII;2024;5;638;246;50;17;0;951
HJXXIII;2024;6;581;228;45;21;0;875
HJXXIII;2024;7;625;355;44;29;0;1053
HJXXIII;2024;8;668;226;71;34;0;999
HJXXIII;2024;9;580;222;38;21;0;861
HJXXIII;2024;10;610;265;40;8;0;923
HJXXIII;2024;11;542;203;62;25;0;832
HJXXIII;2024;12;677;242;39;24;0;982
HJXXIII;2025;1;606;265;39;14;0;924
HJXXIII;2025;2;610;244;33;14;0;901
HJXXIII;2025;3;641;276;67;21;0;1005
HJXXIII;2025;4;667;264;47;23;0;1001
HJXXIII;2025;5;624;244;33;19;0;920
HJXXIII;2025;6;641;249;31;14;0;935
HJXXIII;2025;7;651;284;39;17;0;991
HJXXIII;2025;8;681;270;40;11;0;1002
HJXXIII;2025;9;640;256;29;20;0;945
HJXXIII;2025;10;683;255;41;14;0;993
HJXXIII;2025;11;594;247;64;10;0;915
HJXXIII;2025;12;679;235;49;6;0;969
HJXXIII;2026;1;615;231;38;8;0;892
HJXXIII;2026;2;595;226;47;19;0;887
HJXXIII;2026;3;620;215;50;19;0;904
HJXXIII;2026;4;679;288;43;16;0;1026
HJXXIII;2026;5;714;241;46;19;0;1020
HMAL;2019;1;163;51;4;0;0;218
HMAL;2019;2;176;43;9;1;0;229
HMAL;2019;3;162;39;4;0;0;205
HMAL;2019;4;197;45;6;1;0;249
HMAL;2019;5;209;57;5;0;0;271
HMAL;2019;6;171;48;7;0;0;226
HMAL;2019;7;166;68;6;0;0;240
HMAL;2019;8;151;51;6;2;0;210
HMAL;2019;9;179;62;4;1;0;246
HMAL;2019;10;203;46;3;1;0;253
HMAL;2019;11;183;47;1;0;0;231
HMAL;2019;12;164;43;2;0;0;209
HMAL;2020;1;169;46;3;1;0;219
HMAL;2020;2;151;37;6;0;0;194
HMAL;2020;3;167;52;1;0;0;220
HMAL;2020;4;105;41;5;0;0;151
HMAL;2020;5;144;26;2;0;0;172
HMAL;2020;6;119;50;8;2;0;179
HMAL;2020;7;181;36;5;0;0;222
HMAL;2020;8;196;47;4;0;0;247
HMAL;2020;9;187;42;4;0;0;233
HMAL;2020;10;198;41;6;1;0;246
HMAL;2020;11;185;42;2;0;0;229
HMAL;2020;12;166;34;4;0;0;204
HMAL;2021;1;122;31;4;0;0;157
HMAL;2021;2;149;34;6;1;0;190
HMAL;2021;3;154;45;5;0;0;204
HMAL;2021;4;146;49;5;1;0;201
HMAL;2021;5;170;45;7;0;0;222
HMAL;2021;6;150;42;10;0;0;202
HMAL;2021;7;173;40;4;2;0;219
HMAL;2021;8;166;45;6;0;0;217
HMAL;2021;9;151;47;12;2;0;212
HMAL;2021;10;127;39;6;0;0;172
HMAL;2021;11;139;29;3;3;0;174
HMAL;2021;12;153;22;5;0;0;180
HMAL;2022;1;92;26;3;0;0;121
HMAL;2022;2;104;38;5;0;0;147
HMAL;2022;3;152;52;6;0;0;210
HMAL;2022;4;144;48;7;0;0;199
HMAL;2022;5;150;53;3;1;0;207
HMAL;2022;6;160;59;5;0;0;224
HMAL;2022;7;123;51;3;0;0;177
HMAL;2022;8;146;59;5;3;0;213
HMAL;2022;9;166;56;4;0;0;226
HMAL;2022;10;166;57;5;1;0;229
HMAL;2022;11;148;44;3;1;0;196
HMAL;2022;12;167;42;2;0;0;211
HMAL;2023;1;154;46;1;0;0;201
HMAL;2023;2;150;41;5;0;0;196
HMAL;2023;3;161;75;8;0;0;244
HMAL;2023;4;140;55;7;0;0;202
HMAL;2023;5;203;54;3;0;0;260
HMAL;2023;6;195;66;7;0;0;268
HMAL;2023;7;156;55;2;0;0;213
HMAL;2023;8;181;69;3;0;0;253
HMAL;2023;9;170;57;4;1;0;232
HMAL;2023;10;190;55;2;1;0;248
HMAL;2023;11;199;52;3;0;0;254
HMAL;2023;12;207;60;2;0;0;269
HMAL;2024;1;162;57;0;0;0;219
HMAL;2024;2;152;33;4;0;0;189
HMAL;2024;3;166;59;2;1;0;228
HMAL;2024;4;197;54;2;0;0;253
HMAL;2024;5;185;70;5;0;0;260
HMAL;2024;6;161;94;9;0;0;264
HMAL;2024;7;169;116;11;1;0;297
HMAL;2024;8;163;102;7;1;0;273
HMAL;2024;9;141;109;5;0;0;255
HMAL;2024;10;155;102;18;0;0;275
HMAL;2024;11;156;63;0;0;0;219
HMAL;2024;12;99;42;3;0;0;144
HMAL;2025;1;0;0;0;0;0;0
HMAL;2025;2;0;0;0;0;0;0
HMAL;2025;3;0;0;0;0;0;0
HMAL;2025;4;0;0;0;0;0;0
HMAL;2025;5;0;0;0;0;0;0
HMAL;2025;6;0;0;0;0;0;0
HMAL;2025;7;0;0;0;0;0;0
HMAL;2025;8;0;0;0;0;0;0
HMAL;2025;9;0;0;0;0;0;0
HMAL;2025;10;0;0;0;0;0;0
HMAL;2025;11;0;0;0;0;0;0
HMAL;2025;12;0;0;0;0;0;0
HMAL;2026;1;0;0;0;0;0;0
HMAL;2026;2;0;0;0;0;0;0
HMAL;2026;3;0;0;0;0;0;0
HMAL;2026;4;0;0;0;0;0;0
HMAL;2026;5;0;0;0;0;0;0
HRAD;2019;1;352;46;4;1;134;537
HRAD;2019;2;310;56;7;0;122;495
HRAD;2019;3;301;50;8;1;126;486
HRAD;2019;4;266;60;7;2;97;432
HRAD;2019;5;304;50;8;1;105;468
HRAD;2019;6;255;62;6;0;117;440
HRAD;2019;7;335;61;3;0;133;532
HRAD;2019;8;297;56;6;1;93;453
HRAD;2019;9;276;62;5;0;85;428
HRAD;2019;10;293;55;5;2;93;448
HRAD;2019;11;297;47;6;0;87;437
HRAD;2019;12;239;51;2;0;100;392
HRAD;2020;1;298;43;4;1;98;444
HRAD;2020;2;302;50;6;0;96;454
HRAD;2020;3;284;40;8;1;120;453
HRAD;2020;4;259;44;6;0;124;433
HRAD;2020;5;275;46;5;0;127;453
HRAD;2020;6;255;62;1;0;112;430
HRAD;2020;7;234;44;3;0;153;434
HRAD;2020;8;251;44;4;3;94;396
HRAD;2020;9;235;32;4;0;104;375
HRAD;2020;10;224;35;4;1;110;374
HRAD;2020;11;244;42;6;0;92;384
HRAD;2020;12;228;32;6;0;102;368
HRAD;2021;1;194;32;6;1;111;344
HRAD;2021;2;206;20;2;1;139;368
HRAD;2021;3;249;37;4;1;123;414
HRAD;2021;4;262;45;2;0;123;432
HRAD;2021;5;253;65;5;2;115;440
HRAD;2021;6;230;44;3;1;132;410
HRAD;2021;7;257;48;5;0;135;445
HRAD;2021;8;268;51;4;2;134;459
HRAD;2021;9;280;47;3;0;115;445
HRAD;2021;10;261;51;3;1;113;429
HRAD;2021;11;252;40;3;0;106;401
HRAD;2021;12;244;43;5;1;124;417
HRAD;2022;1;211;29;3;2;115;360
HRAD;2022;2;244;42;4;0;120;410
HRAD;2022;3;276;56;5;5;126;468
HRAD;2022;4;277;44;4;3;109;437
HRAD;2022;5;279;61;7;0;107;454
HRAD;2022;6;262;60;6;6;98;432
HRAD;2022;7;258;56;6;3;84;407
HRAD;2022;8;292;71;13;1;119;496
HRAD;2022;9;276;58;4;0;82;420
HRAD;2022;10;280;39;6;2;96;423
HRAD;2022;11;289;40;5;1;118;453
HRAD;2022;12;304;49;7;0;104;464
HRAD;2023;1;355;69;3;2;129;558
HRAD;2023;2;331;45;9;0;101;486
HRAD;2023;3;358;54;6;1;115;534
HRAD;2023;4;327;48;5;1;119;500
HRAD;2023;5;380;63;7;0;103;553
HRAD;2023;6;341;68;4;1;121;535
HRAD;2023;7;348;67;6;1;99;521
HRAD;2023;8;345;56;8;2;110;521
HRAD;2023;9;370;55;4;1;126;556
HRAD;2023;10;357;50;16;2;98;523
HRAD;2023;11;358;54;6;0;137;555
HRAD;2023;12;386;43;3;1;96;529
HRAD;2024;1;369;48;6;3;112;538
HRAD;2024;2;342;61;6;1;97;507
HRAD;2024;3;414;42;5;2;113;576
HRAD;2024;4;354;53;7;1;98;513
HRAD;2024;5;381;58;1;0;116;556
HRAD;2024;6;352;58;4;1;107;522
HRAD;2024;7;398;53;7;0;80;538
HRAD;2024;8;395;54;3;3;92;547
HRAD;2024;9;519;60;5;2;19;605
HRAD;2024;10;386;61;6;1;196;650
HRAD;2024;11;374;53;4;1;155;587
HRAD;2024;12;532;48;7;3;17;607
HRAD;2025;1;351;202;26;10;103;692
HRAD;2025;2;444;168;51;9;115;787
HRAD;2025;3;518;50;5;1;113;687
HRAD;2025;4;537;62;5;3;118;725
HRAD;2025;5;338;167;42;20;106;673
HRAD;2025;6;289;243;55;19;106;712
HRAD;2025;7;308;263;47;46;109;773
HRAD;2025;8;292;236;44;20;124;716
HRAD;2025;9;252;284;56;27;126;745
HRAD;2025;10;262;284;55;19;106;726
HRAD;2025;11;289;307;64;13;115;788
HRAD;2025;12;301;304;48;21;95;769
HRAD;2026;1;359;327;58;21;117;882
HRAD;2026;2;314;236;38;32;116;736
HRAD;2026;3;703;52;7;2;111;875
HRAD;2026;4;718;62;5;1;107;893
HRAD;2026;5;406;301;59;24;140;930
HRBJA;2019;1;112;19;0;0;0;131
HRBJA;2019;2;98;24;3;0;0;125
HRBJA;2019;3;93;32;0;2;0;127
HRBJA;2019;4;102;25;5;0;0;132
HRBJA;2019;5;96;29;3;1;0;129
HRBJA;2019;6;113;27;1;1;0;142
HRBJA;2019;7;91;26;3;0;0;120
HRBJA;2019;8;101;26;0;0;0;127
HRBJA;2019;9;100;30;2;1;0;133
HRBJA;2019;10;121;39;1;0;0;161
HRBJA;2019;11;105;33;2;0;0;140
HRBJA;2019;12;102;33;3;0;0;138
HRBJA;2020;1;105;28;5;0;0;138
HRBJA;2020;2;85;14;1;0;0;100
HRBJA;2020;3;81;28;2;0;0;111
HRBJA;2020;4;86;25;5;0;0;116
HRBJA;2020;5;87;30;1;0;0;118
HRBJA;2020;6;87;25;0;0;5;117
HRBJA;2020;7;123;35;3;0;0;161
HRBJA;2020;8;109;25;4;0;0;138
HRBJA;2020;9;102;33;2;0;0;137
HRBJA;2020;10;118;25;3;0;0;146
HRBJA;2020;11;136;24;3;0;0;163
HRBJA;2020;12;92;15;3;0;0;110
HRBJA;2021;1;74;23;3;0;0;100
HRBJA;2021;2;107;22;4;1;0;134
HRBJA;2021;3;105;30;1;0;0;136
HRBJA;2021;4;103;29;2;2;0;136
HRBJA;2021;5;135;20;0;0;0;155
HRBJA;2021;6;123;33;2;0;0;158
HRBJA;2021;7;124;31;5;0;0;160
HRBJA;2021;8;156;28;1;0;0;185
HRBJA;2021;9;133;23;2;0;0;158
HRBJA;2021;10;141;21;1;0;0;163
HRBJA;2021;11;90;33;2;1;0;126
HRBJA;2021;12;109;30;3;0;0;142
HRBJA;2022;1;113;20;1;0;0;134
HRBJA;2022;2;84;25;4;0;0;113
HRBJA;2022;3;116;26;4;1;0;147
HRBJA;2022;4;127;1;0;0;0;128
HRBJA;2022;5;102;34;5;0;0;141
HRBJA;2022;6;74;23;3;1;0;101
HRBJA;2022;7;103;17;2;1;0;123
HRBJA;2022;8;98;37;5;1;0;141
HRBJA;2022;9;91;28;2;0;0;121
HRBJA;2022;10;126;28;2;1;0;157
HRBJA;2022;11;101;34;1;1;0;137
HRBJA;2022;12;84;19;1;0;0;104
HRBJA;2023;1;91;42;2;0;0;135
HRBJA;2023;2;105;29;3;0;0;137
HRBJA;2023;3;99;24;0;0;0;123
HRBJA;2023;4;97;25;1;1;0;124
HRBJA;2023;5;96;19;4;0;0;119
HRBJA;2023;6;107;26;4;0;0;137
HRBJA;2023;7;120;30;3;2;0;155
HRBJA;2023;8;140;20;2;0;0;162
HRBJA;2023;9;111;27;1;1;0;140
HRBJA;2023;10;98;23;7;2;0;130
HRBJA;2023;11;135;30;3;0;0;168
HRBJA;2023;12;130;31;1;0;0;162
HRBJA;2024;1;118;44;3;1;0;166
HRBJA;2024;2;141;23;4;1;0;169
HRBJA;2024;3;158;29;1;0;0;188
HRBJA;2024;4;146;38;1;0;0;185
HRBJA;2024;5;164;35;4;0;0;203
HRBJA;2024;6;174;41;0;0;1;216
HRBJA;2024;7;137;37;2;1;3;180
HRBJA;2024;8;175;44;2;0;4;225
HRBJA;2024;9;159;32;4;1;0;196
HRBJA;2024;10;178;44;3;1;2;228
HRBJA;2024;11;192;40;4;0;1;237
HRBJA;2024;12;182;37;5;1;2;227
HRBJA;2025;1;198;57;2;1;4;262
HRBJA;2025;2;178;47;1;2;0;228
HRBJA;2025;3;202;56;6;0;3;267
HRBJA;2025;4;161;53;8;1;3;226
HRBJA;2025;5;197;57;2;0;2;258
HRBJA;2025;6;172;55;11;0;2;240
HRBJA;2025;7;208;52;9;1;1;271
HRBJA;2025;8;208;59;10;2;4;283
HRBJA;2025;9;177;56;8;3;3;247
HRBJA;2025;10;180;69;9;1;6;265
HRBJA;2025;11;166;60;9;2;8;245
HRBJA;2025;12;196;55;10;3;3;267
HRBJA;2026;1;177;54;18;6;5;260
HRBJA;2026;2;200;56;9;2;3;270
HRBJA;2026;3;212;67;12;5;5;301
HRBJA;2026;4;196;51;9;10;2;268
HRBJA;2026;5;243;71;13;7;6;340
HRJP;2019;1;148;13;0;0;119;280
HRJP;2019;2;155;16;2;0;116;289
HRJP;2019;3;63;13;0;0;118;194
HRJP;2019;4;107;19;3;0;131;260
HRJP;2019;5;97;36;3;0;124;260
HRJP;2019;6;91;35;4;0;114;244
HRJP;2019;7;99;26;5;0;116;246
HRJP;2019;8;92;30;1;0;98;221
HRJP;2019;9;101;30;1;0;119;251
HRJP;2019;10;115;21;3;0;108;247
HRJP;2019;11;89;18;0;0;95;202
HRJP;2019;12;82;22;2;0;111;217
HRJP;2020;1;84;19;0;0;108;211
HRJP;2020;2;83;22;1;0;105;211
HRJP;2020;3;62;20;0;0;121;203
HRJP;2020;4;3;2;1;0;90;96
HRJP;2020;5;3;2;1;0;118;124
HRJP;2020;6;5;3;0;0;109;117
HRJP;2020;7;14;3;1;0;106;124
HRJP;2020;8;12;4;0;0;103;119
HRJP;2020;9;17;1;0;0;107;125
HRJP;2020;10;16;2;0;0;89;107
HRJP;2020;11;9;3;0;0;102;114
HRJP;2020;12;11;1;0;0;100;112
HRJP;2021;1;2;1;0;0;125;128
HRJP;2021;2;3;3;0;0;115;121
HRJP;2021;3;9;0;0;0;125;134
HRJP;2021;4;7;2;0;0;115;124
HRJP;2021;5;5;5;0;0;135;145
HRJP;2021;6;12;3;0;0;113;128
HRJP;2021;7;6;1;0;0;124;131
HRJP;2021;8;5;3;0;0;142;150
HRJP;2021;9;9;1;0;0;121;131
HRJP;2021;10;5;1;0;0;106;112
HRJP;2021;11;51;10;0;0;105;166
HRJP;2021;12;34;12;1;0;104;151
HRJP;2022;1;16;4;0;0;124;144
HRJP;2022;2;24;6;0;0;110;140
HRJP;2022;3;38;13;0;0;95;146
HRJP;2022;4;32;14;0;0;128;174
HRJP;2022;5;46;17;2;0;131;196
HRJP;2022;6;40;12;1;0;108;161
HRJP;2022;7;51;9;1;0;118;179
HRJP;2022;8;68;17;0;0;99;184
HRJP;2022;9;67;15;0;0;114;196
HRJP;2022;10;80;7;0;0;83;170
HRJP;2022;11;96;3;1;0;96;196
HRJP;2022;12;63;10;1;0;126;200
HRJP;2023;1;64;17;1;0;123;205
HRJP;2023;2;82;13;1;0;97;193
HRJP;2023;3;116;22;1;0;145;284
HRJP;2023;4;103;16;2;0;137;258
HRJP;2023;5;133;12;1;0;141;287
HRJP;2023;6;130;27;0;0;133;290
HRJP;2023;7;105;16;0;0;121;242
HRJP;2023;8;126;21;0;0;114;261
HRJP;2023;9;127;7;1;0;98;233
HRJP;2023;10;128;19;3;0;109;259
HRJP;2023;11;128;19;3;0;120;270
HRJP;2023;12;123;14;0;0;105;242
HRJP;2024;1;118;12;0;0;114;244
HRJP;2024;2;129;10;0;0;98;237
HRJP;2024;3;123;16;1;0;111;251
HRJP;2024;4;120;14;0;0;113;247
HRJP;2024;5;148;2;1;0;115;266
HRJP;2024;6;142;15;0;0;124;281
HRJP;2024;7;164;7;0;0;102;273
HRJP;2024;8;154;18;2;0;101;275
HRJP;2024;9;187;18;1;0;120;326
HRJP;2024;10;179;30;1;0;118;328
HRJP;2024;11;215;32;10;22;0;279
HRJP;2024;12;260;34;6;18;0;318
HRJP;2025;1;251;36;8;16;1;312
HRJP;2025;2;274;37;12;18;0;341
HRJP;2025;3;268;36;19;47;3;373
HRJP;2025;4;275;49;14;47;1;386
HRJP;2025;5;304;38;18;29;0;389
HRJP;2025;6;282;34;15;39;3;373
HRJP;2025;7;281;40;13;43;1;378
HRJP;2025;8;316;41;12;36;4;409
HRJP;2025;9;329;42;7;30;4;412
HRJP;2025;10;319;36;9;41;1;406
HRJP;2025;11;280;34;11;36;4;365
HRJP;2025;12;269;37;10;42;0;358
HRJP;2026;1;282;26;7;39;1;355
HRJP;2026;2;281;36;18;38;1;374
HRJP;2026;3;343;50;9;45;1;448
HRJP;2026;4;358;45;3;40;3;449
HRJP;2026;5;337;43;9;43;1;433
MOV;2019;1;32;2;0;0;309;343
MOV;2019;2;46;7;0;0;249;302
MOV;2019;3;37;6;0;0;298;341
MOV;2019;4;31;4;0;0;281;316
MOV;2019;5;43;4;0;0;296;343
MOV;2019;6;61;6;0;0;253;320
MOV;2019;7;54;5;0;0;270;329
MOV;2019;8;68;1;0;0;272;341
MOV;2019;9;57;3;1;0;275;336
MOV;2019;10;55;8;0;0;275;338
MOV;2019;11;49;4;0;0;281;334
MOV;2019;12;30;8;0;0;262;300
MOV;2020;1;30;8;0;0;257;295
MOV;2020;2;46;2;1;0;261;310
MOV;2020;3;41;2;0;0;272;315
MOV;2020;4;3;0;0;0;323;326
MOV;2020;5;1;0;0;0;305;306
MOV;2020;6;22;3;0;0;285;310
MOV;2020;7;1;0;0;0;281;282
MOV;2020;8;1;0;0;0;276;277
MOV;2020;9;0;2;0;0;269;271
MOV;2020;10;18;5;0;0;247;270
MOV;2020;11;15;1;0;0;272;288
MOV;2020;12;12;0;0;0;260;272
MOV;2021;1;10;3;0;0;255;268
MOV;2021;2;19;2;2;0;259;282
MOV;2021;3;27;11;0;0;289;327
MOV;2021;4;5;0;0;0;294;299
MOV;2021;5;3;0;0;0;318;321
MOV;2021;6;36;5;0;0;298;339
MOV;2021;7;28;4;0;0;294;326
MOV;2021;8;39;8;0;0;311;358
MOV;2021;9;32;3;0;0;277;312
MOV;2021;10;19;5;0;0;236;260
MOV;2021;11;34;7;1;0;270;312
MOV;2021;12;34;4;0;0;235;273
MOV;2022;1;10;1;0;0;245;256
MOV;2022;2;13;3;0;0;224;240
MOV;2022;3;61;10;0;0;278;349
MOV;2022;4;26;7;0;0;236;269
MOV;2022;5;43;8;0;0;277;328
MOV;2022;6;48;7;0;0;253;308
MOV;2022;7;45;9;1;0;265;320
MOV;2022;8;34;5;0;0;238;277
MOV;2022;9;22;4;0;0;233;259
MOV;2022;10;4;0;0;0;236;240
MOV;2022;11;8;2;0;0;245;255
MOV;2022;12;0;0;0;0;281;281
MOV;2023;1;0;0;0;0;274;274
MOV;2023;2;1;1;0;0;270;272
MOV;2023;3;11;1;0;0;314;326
MOV;2023;4;25;3;0;0;270;298
MOV;2023;5;220;93;21;11;2;347
MOV;2023;6;263;87;19;13;0;382
MOV;2023;7;216;80;25;11;0;332
MOV;2023;8;272;72;18;16;0;378
MOV;2023;9;239;78;16;18;0;351
MOV;2023;10;250;81;26;16;0;373
MOV;2023;11;277;59;19;20;0;375
MOV;2023;12;253;81;20;21;0;375
MOV;2024;1;241;61;18;12;1;333
MOV;2024;2;244;92;21;17;0;374
MOV;2024;3;246;96;29;15;2;388
MOV;2024;4;234;82;26;20;0;362
MOV;2024;5;237;122;20;12;1;392
MOV;2024;6;252;86;19;12;2;371
MOV;2024;7;244;55;26;15;0;340
MOV;2024;8;233;95;27;18;0;373
MOV;2024;9;274;99;17;17;0;407
MOV;2024;10;233;72;18;17;0;340
MOV;2024;11;193;69;17;14;0;293
MOV;2024;12;185;67;22;15;1;290
MOV;2025;1;227;77;17;20;0;341
MOV;2025;2;201;86;32;14;0;333
MOV;2025;3;247;105;26;27;0;405
MOV;2025;4;253;107;32;25;0;417
MOV;2025;5;253;108;22;25;0;408
MOV;2025;6;280;86;24;13;0;403
MOV;2025;7;243;82;21;14;0;360
MOV;2025;8;247;64;21;13;1;346
MOV;2025;9;241;71;20;14;0;346
MOV;2025;10;242;76;25;15;0;358
MOV;2025;11;260;69;16;11;0;356
MOV;2025;12;225;59;26;15;0;325
MOV;2026;1;240;68;15;19;0;342
MOV;2026;2;276;70;17;26;1;390
MOV;2026;3;282;110;23;22;0;437
MOV;2026;4;241;93;18;14;1;367
MOV;2026;5;277;95;20;27;1;420
